{
  "dataset": {
    "size": 1000,
    "dimension": 32,
    "query_count": 256
  },
  "mode": "exact",
  "store_backend": "memory",
  "timings_ms": [
    68.50839200615883,
    70.49321100115776,
    69.81599900126457,
    75.87573899328709,
    73.24871999025345,
    69.12092500180006,
    71.25724601000547,
    108.93140500038862,
    106.76177900284529,
    70.46991299837828,
    90.6969679966569,
    64.3215389996767,
    66.99994799494743,
    64.4577270001173,
    66.40833000093699,
    62.979488000273705,
    70.46715199947357,
    68.18159499764442,
    72.00571000576019,
    67.9509789943695,
    65.38233299553394,
    67.37118899822235,
    68.19623299688101,
    65.47578199952841,
    64.3774280026555,
    63.91473300009966,
    64.0730240046978,
    68.64071399718523,
    70.40876199305058,
    70.28482799977064,
    68.80523500591516,
    66.93279200047255,
    67.69951900094748,
    66.11118699610233,
    79.60081300884485,
    72.74666099995375,
    66.86414300650358,
    67.17383999377489,
    69.50379399955273,
    69.99455500394106,
    73.88735499978065,
    69.70598099380732,
    63.97378099709749,
    64.921501994133,
    67.0889810025692,
    68.15618900209665,
    69.74360600113869,
    63.53011100739241,
    64.70292699337006,
    64.91430599987507,
    69.98252100497484,
    64.44552999734879,
    68.59424100071192,
    67.10138600319624,
    65.13586799800396,
    65.88452600687742,
    67.95199999958277,
    64.91808899492025,
    65.00993300229311,
    66.65804500132799,
    68.05564299225807,
    66.24503099918365,
    68.60571100562811,
    68.67640100419521,
    68.05894900113344,
    64.53974100202322,
    67.54227400571108,
    68.35652700066566,
    62.64900799840689,
    70.9381669908762,
    64.16296800225973,
    62.25288499891758,
    68.00394699722528,
    69.4103119969368,
    66.36701899766922,
    66.28328799456358,
    108.88520599901676,
    108.20894899964333,
    93.1037330031395,
    63.004880994558334,
    106.72349500656128,
    92.78527300059795,
    63.359076000750065,
    65.4172969982028,
    65.55902199447155,
    66.7077049985528,
    66.38765200972557,
    68.74517799913883,
    65.16693000495434,
    61.98316300660372,
    68.35640700161457,
    63.910887993872166,
    68.45500599592924,
    65.9424349963665,
    65.04228600114584,
    67.78754200041294,
    66.03979600220919,
    67.78599600493908,
    65.93021599948406,
    69.00003500282764,
    66.84844599664211,
    71.0018649995327,
    68.62586700171232,
    68.93809200078249,
    66.7734839990735,
    63.849059998989105,
    67.19611199200153,
    64.70708499848843,
    67.1581389978528,
    80.49203399568796,
    63.13595300167799,
    68.38454800099134,
    67.11328399926424,
    65.04000300168991,
    68.31126499921083,
    68.28718100488186,
    63.685598999261856,
    68.74982800334692,
    66.311792999506,
    67.55045899748802,
    67.48179600387812,
    64.27425600588322,
    66.13880499452353,
    66.65961600095034,
    65.84636799991131,
    68.94685300439596,
    64.44225500524044,
    71.95676999539137,
    87.54455699771643,
    67.39384599775076,
    63.26834899932146,
    67.27773600071669,
    62.53425098955631,
    61.350158005952835,
    65.04813600331545,
    69.36117300391197,
    70.80909200012684,
    62.41649800539017,
    68.62057399749756,
    66.58720999956131,
    65.73701300472021,
    65.86516900360584,
    65.96902700513601,
    66.56929399818182,
    65.55222000181675,
    68.72079400718212,
    68.74573499709368,
    65.90499299764633,
    68.99716599285603,
    73.62986700236797,
    65.13860899955034,
    63.950110994279385,
    65.5385449975729,
    64.62778000533581,
    62.532383002340794,
    66.5100270062685,
    71.49847700446844,
    64.97034300118685,
    65.94030399620533,
    65.4663679972291,
    67.88027899712324,
    69.98209399729967,
    69.68221500515938,
    67.49101199954748,
    63.546071998775005,
    64.39320399612188,
    73.55885200947523,
    67.61537999659777,
    69.2396830022335,
    70.54764500260353,
    67.60505199432373,
    65.1909430027008,
    66.2912609949708,
    71.82189600169659,
    66.38706699758768,
    68.49035100638866,
    60.71441700309515,
    70.34765299409628,
    81.86037900298834,
    64.62812200188637,
    67.80812100321054,
    67.20213600248098,
    67.59333699941635,
    65.15764500200748,
    66.6651969999075,
    66.61430800706148,
    63.420049995183945,
    66.73380299657583,
    63.0067720040679,
    67.97768700867891,
    68.21792700141668,
    69.89365100115538,
    68.60476999729872,
    65.09145200252533,
    66.67268900573254,
    68.2934549972415,
    69.02183500677347,
    65.88445499539375,
    69.26249700039625,
    69.26011200249195,
    69.8719329982996,
    68.97434999793768,
    67.3508780002594,
    70.4455249980092,
    66.32891099900007,
    68.27862899750471,
    65.10383500158787,
    67.30392099171877,
    66.35329399257898,
    68.5890059992671,
    63.872840002179146,
    66.96750799566507,
    68.53361799567938,
    71.85296399891376,
    72.03046000003815,
    64.75988598912954,
    64.70092699676752,
    64.63808099925518,
    64.50303500145674,
    65.23171900212765,
    63.76138699799776,
    64.09956999123096,
    61.89861699938774,
    61.98476900160313,
    64.86904400587082,
    64.95509500056505,
    72.4518710076809,
    65.16237600147724,
    63.677615001797676,
    100.7567549943924,
    71.05502800643444,
    73.16013699769974,
    70.88397700339556,
    68.30572000145912,
    69.10772900283337,
    65.66671199351549,
    64.61928199976683,
    62.91564900428057,
    67.08043999969959,
    63.60683900117874,
    66.9121769964695,
    68.79527299851179,
    67.60283499956131,
    67.19407499581575,
    80.66008600592613,
    69.22928500175476,
    65.36640100181103,
    67.06804000586271,
    66.83994199335575,
    68.4775520041585,
    94.31350700557232,
    69.8054900020361,
    70.91274599730968,
    63.733716994524,
    65.85666500031948,
    113.59860900044441
  ],
  "summary": {
    "mean_ms": 68.85534248055774,
    "p50_ms": 67.18395749479532,
    "p95_ms": 82.71300570219755,
    "p99_ms": 108.90507156960666,
    "throughput_qps": 14.523201308342399,
    "warmup_ms": 16686.48825699836
  },
  "environment": {
    "python": "3.12.3",
    "platform": "Linux-6.8.0-94-generic-x86_64-with-glibc2.39",
    "processor": "x86_64",
    "machine": "x86_64"
  }
}